title,soldprice,link
Shop on eBay,20.00,https://ebay.com/itm/123456?hash=item28caef0a3a:g:E3kAAOSwlGJiMikD&amdata=enc%3AAQAHAAAAsJoWXGf0hxNZspTmhb8%2FTJCCurAWCHuXJ2Xi3S9cwXL6BX04zSEiVaDMCvsUbApftgXEAHGJU1ZGugZO%2FnW1U7Gb6vgoL%2BmXlqCbLkwoZfF3AUAK8YvJ5B4%2BnhFA7ID4dxpYs4jjExEnN5SR2g1mQe7QtLkmGt%2FZ%2FbH2W62cXPuKbf550ExbnBPO2QJyZTXYCuw5KVkMdFMDuoB4p3FwJKcSPzez5kyQyVjyiIq6PB2q%7Ctkp%3ABlBMULq7kqyXYA
Canon EOS 2000D 24.1MP DSLR Camera + 18-55mm Lens + 8GB Accessory Bundle,14887,https://www.ebay.fr/itm/144865623385?hash=item21baa9fd59:g:rHUAAOSwWYxjol8O&amdata=enc%3AAQAHAAAAoHDUSCSF4OeualsI1MMSzbIMk24nRbu26Wt57nocVPjzmnNhtIIwMyVT0XT8LFnH0ALdZCkvOXPpmgSuQU0OBdWkWdAqHr%2Fq1LCrNIKIeNqfXD6cJMS2igVWZ8HeEeaNKaPE4mVmAzw7GWh6FsBbEbmyeHgCCTTBAiQxNSpLSR4gdjppJ3MNHNmo6Q2ZEsbQJweNut9V%2BzHl3%2Frel8YLjeg%3D%7Ctkp%3ABk9SR9rwvZOvYQ
Nouvelle annonceCANON PRIMA MINI II 35MM POINT & SHOOT FILM CAMERA SURE SHOT SLEEK FILM TESTED,3373,https://www.ebay.fr/itm/285097283141?hash=item42611f4e45:g:-yoAAOSwe29jkj7N&amdata=enc%3AAQAHAAAAkGUXEiE1ktAqHm0psw%2F2IvUhK%2FEqKc8fCe5wcHZOvJPkt70N9zhHyJONA5cWHTn0K%2FPLELwvuMJPvPBX%2FIpQNqAueg5argISazRm2Yfxe9tMx9wdWWdWvbR9TLFf7bnXsV0t8W4W45v50ApgVzW6WAYzNiXo68JAId3kKJCeQSY%2BIE1zv39eejjVjuEjCHfJJw%3D%3D%7Ctkp%3ABk9SR9rwvZOvYQ
Nouvelle annonceCanon EOS 6D + CANON EF 24-105 4L KIT,29999,https://www.ebay.fr/itm/385330281872?hash=item59b7797d90:g:L84AAOSwbmpjdSOg&amdata=enc%3AAQAHAAAAoPwGPHFxBY7O3d4WhKZD9DQqqMhKB4uQ39x6VzVQ2%2Bj7jpKHiNlEgAhIKv3lJ0T7QlkUW4WFkYLaTL7JrmQfuSJNTXwJTBJeVXgj8xYYLkqikXFRc6cm977h5cDN8WR3D%2FNMQJIQgyBXaqlmerWHboRBruQnIEyJhCCqR6b1HcEBWoDPD%2FhLFXARF58KcsGqEHI%2BAlTTDuPmyMWDRtTSN5o%3D%7Ctkp%3ABk9SR9rwvZOvYQ
"Nouvelle annonceCanon EOS 6D Mark II Camera Body Used Excellent Condition - Shot Ct. 43,695",79548,https://www.ebay.fr/itm/325486086283?hash=item4bc87b888b:g:s2YAAOSwQfFjkhpr&amdata=enc%3AAQAHAAAAkHlnagNQlWbdKr%2FN6SHCh7N9VgI0ZLe5QLdh1bvEucLM7z9fyjyS%2FNOpB9w9UimWFmX%2FXsxaAwwUxBlPSZBTkJB%2F0DwuqU%2F%2F2dUgSLVsdV7M40rLdqTcQiAFartCXYjrBW%2F%2BRXSLN3%2FLc95%2BWBKJu2%2F2hwh64bvD%2BvV7DGW9gUJoRRkIGXbo6S0iSJuQlRLikQ%3D%3D%7Ctkp%3ABk9SR9rwvZOvYQ
Nouvelle annonceBOÎTIER D'APPAREIL PHOTO 35 MM CANON AE-1,5634,https://www.ebay.fr/itm/364098488990?hash=item54c5f60a9e:g:ryUAAOSwqw5jtD26&amdata=enc%3AAQAHAAAAkEcvOpXfR25ANEh7489lIUsk07PN7sBzW80j65ydE9MDRLOn2uK0Og6ShdjjU%2FbB1QRD%2FrvOmffeAfOiwKwGwwY53kTPphFwZ4CS0%2Fsc5ZpPjNAnyhuSQ1dDXNu05kjSdh1svx1cQzoTJTp51Hmd%2FMeSiSokZPHpT5wICOSdNtiMFwRSZGFNV9K0o4VuoC5spA%3D%3D%7Ctkp%3ABk9SR9rwvZOvYQ
Nouvelle annonceCanon PowerShot A650 IS 12.1MP Digital Camera - Silver & Black,4797,https://www.ebay.fr/itm/255909713094?hash=item3b956854c6:g:BX4AAOSwCbtjtEtE&amdata=enc%3AAQAHAAAA0AeK4ItNOxI8CA690SvVbAlrCR1gxxHy39AVCcHdM9Vv7e18qlIH%2BHjCO%2Fon%2FGar%2FF0oPEV4ROTQeqq5atsvsUMePltJLfTybS1LDfwQ2G7SniUUk4naJ1IyySwvjfuTRLA5i4WEuMmJQehfA4O8NBtI11asupGM0YHywUP%2F1xCW4ykEtG6Y%2F5QR%2FKRNeYevqC06P0TA2gDzyeDsJ8WbjN8ZQU70RuOlWCi5Hs66il6BYHuDGZXITa1DPtIlWiDjCtOjTitUvGU8NvomK4HiSpg%3D%7Ctkp%3ABk9SR9zwvZOvYQ
Nouvelle annonceCanon PowerShot A480 10.0MP Digital Camera Red 3.3x Zoom Full Pack Tested Works,7496,https://www.ebay.fr/itm/175559830589?hash=item28e02e6c3d:g:VHoAAOSwoRRjtIIo&amdata=enc%3AAQAHAAAA0K4yTjZDGK2yYhGF%2BMrQHjVn%2BRZiTv%2Bm8uCwJHM02maZ54azcRpJV%2BqkAwBF%2BZuoDiUhvuh8xD4B66OGhMB5BjHLv9RDxcY%2FQzFdmQgCRq1c%2FbxOcM7mA6%2FVPHOl6lUHxP7gO80oopKJkk4Mx%2Fma1ZBoK%2BGK7Lr8nkfHhQBwNbB1d9zXzmj0gIXUsBXtcmv9JDQma3RZdvJLiT1%2BJTyau3axJGo2jGtwzHW2lrrNpjGQMC1I6HK2g41Ud%2BO53B0g%2BC59k1B3RHIQeD9qlvHp6oI%3D%7Ctkp%3ABk9SR9zwvZOvYQ
"Nouvelle annonceCanon Lens FD 50mm 1: 1,8",1500,https://www.ebay.fr/itm/314303009065?hash=item492deb5129:g:27QAAOSwantjtHzV&amdata=enc%3AAQAHAAAAkJIsfC26LT88o1OA4Y3nONkez%2B8Oeaw0gZOCE%2Fh%2FPbmbn%2BVhi9JilvF5%2BwvQU%2Fw7SktKY14%2BuiYbfhXBcdOlRj%2BaVNEGSmZ51J0Wa%2BUxap60RAuEf%2FPv1GACLkopWUJxz1XKnaU09Txwc6y2BBYt8Fhy8G2ftnb0rryeCqOWXx1aItlfX9RAo6DLUUU6%2B7%2BuaA%3D%3D%7Ctkp%3ABk9SR9zwvZOvYQ
Nouvelle annonceAppareil photo compact Canon PowerShot G7 X Mark II - batterie supplémentaire,22542,https://www.ebay.fr/itm/115661846698?hash=item1aedfbb8aa:g:y1cAAOSw0WFjtIPN&amdata=enc%3AAQAHAAAAkIOp0AL%2Fotm2WBjc%2BMupgQBZxc9riXcae4tcuVV9s5%2BHQm62FM15RLo2CvKwC0aRVVBNX54CAIjYrumMJP9EQqdkQg9H6QYmD%2FXSqHrQO%2FzihRXBJkzasxetasrXx5dzL4X37POGHSSxq8oW7MWzyv747FDvQbCgcZ70FBu7jbRor1LDtJmfGTdcC2oE%2FtaeGQ%3D%3D%7Ctkp%3ABk9SR9zwvZOvYQ
Nouvelle annonceCanon PowerShot A540 6.0MP Digital Camera Silver 4x Zoom -Tested All Functions!,3139,https://www.ebay.fr/itm/304759158060?hash=item46f50fb52c:g:rgAAAOSwp6JjtFAO&amdata=enc%3AAQAHAAAAkAWaD3WS2b6qyPoUgU01HfdjfvYT0KMu8nbojfJnsZlfhIxI%2BecrwQx7h11j4aS6E9CZYABvotYVcGEKiOLWaSgtaOqMeSmv19WnHg6WMzqua5d3h8ZV1MQWxtTfngSCFfK9k6JmZpsN796srnIK93mAP9qtgiMOR624ji3LyMt1idgi%2FiarbyBApOap4ctcuA%3D%3D%7Ctkp%3ABk9SR9zwvZOvYQ
"Nouvelle annonceObjectif Sigma 18-35 mm F1,8 DC HSM Art (Canon EF)",100,https://www.ebay.fr/itm/354494194769?hash=item5289802451:g:56wAAOSwrOdjtH0c&amdata=enc%3AAQAHAAAAkHqfp5JRRT5xR6R79%2F5Vu1fqdCvxFFo3caVb%2BvUqKQKsijK1Mae9QtTVKtutmbdV8ZMKOegh5BW5V%2FaeuBI%2F%2Bgoo0TL31Kc7%2Bo8b%2BmtjkArggpG%2BmH0%2F4lebd8ZHdWmplcHZeKYfhoUmLNXNLZzpiv9cJa4D3zCghp2D%2BFhZQPGVz2dvgpalOSYPoJ3s4hVVDg%3D%3D%7Ctkp%3ABk9SR9zwvZOvYQ
Nouvelle annonceCanon PowerShot A530 5.0MP 4X Optical Zoom Tested,656,https://www.ebay.fr/itm/195543829043?hash=item2d87520a33:g:VWEAAOSwkU9jtHtg&amdata=enc%3AAQAHAAAAkARcu3y%2BXw%2BmYeUsWOMnfO8Rr41KGkTdUweu8HCeAqIdWYzZ4NzKHT1BvlGWFgAcpZvOML%2FYjTfx10Ce3T33drTb0gHAy%2F1v5O2T3jrilRwSdDAbA3qFUPA12M3pNxUB334ChStGvxLlMQSNrkmwp%2Fp0JNIK5D5BAbSoV1jmVuL%2FJLZUM%2B6kY4wyR1SJz3DQxA%3D%3D%7Ctkp%3ABk9SR9zwvZOvYQ
"Nouvelle annonceCanon EF 50 mm F/1,4 EF USM pour Canon - Noir",8453,https://www.ebay.fr/itm/275603922961?hash=item402b462011:g:Di8AAOSwSotjtICk&amdata=enc%3AAQAHAAAAkEGvfXT1XXgaivflRuTkmrLNrFucdAMHF%2FtZDKP9VtdXLxBVoJ%2FRQyFqjAVn4Sng58650eSCF6qaS2Np%2FBAhqpl8u8y9%2BoodybvGuAKF9iiwWq65wkHLT3DGmtYsrTjhitderTwHD448Ce%2BllqlxOyhvWPUB8TLNMvLpQChDcz0Fp9ZcVcEhpwHXKQ9sgkMgvA%3D%3D%7Ctkp%3ABk9SR9zwvZOvYQ
Nouvelle annonceCanon PowerShot A560 7.1MP Digital Camera - Silver,7496,https://www.ebay.fr/itm/404089067087?hash=item5e1595d64f:g:CJYAAOSwgIRjrkN5&amdata=enc%3AAQAHAAAA0Mcp%2FKGw0hOMs6O4yuOojZPMxNIJFIsWEXE8XhqdvO4YmkF4xHyo5zeL5ygS30%2Bz%2Fo8jFLyRg3UbR2IIoICvJuTgluZZdo32lhfXvyXfV4ET9YGcjmBBwSciQJK9SflSg1zjkdabtwuNSCoxomE%2BwAUzsYl4gznrBwHCGYdk7OySA4KOzeihFOr3yRao6j0pyqXuoxf%2BZ60CKT6GhFE78RpqVHa%2BreUoJlvtaaxQk3HAzAnJ2Gh60fllZby%2FgRYQ5wxAQ5%2FkUHTV%2F2c1N3VyxsI%3D%7Ctkp%3ABFBM3PC9k69h
Nouvelle annoncecanon eos ef 24-105mm f/4 l is usm zoom lens,22207,https://www.ebay.fr/itm/394406111410?hash=item5bd46fa8b2:g:nXMAAOSwdZpjtHmI&amdata=enc%3AAQAHAAAAkGMj8kjIAcR%2B1qMokDxFn74uA3qKvrK0t%2BJoxLkxsOaS8Zf8nUiX%2BY%2BLsDZgVDjlxJeSTagN7tr3ZXOtlAn%2BGLrhvUkBU2OCD6AVy8bRMrXS4b8W6MvSp%2Bq7tQKNfHW3%2Bc3y4yAYRGM6Lq6UvhhhlU1BbhtOtf6L1fuhf%2BIyUTCWl77moBpXGew9gd40Ji0SfQ%3D%3D%7Ctkp%3ABk9SR9zwvZOvYQ
"Nouvelle annonceSigma 24-70 mm f/2,8 DG OS HSM Art (Canon EF)",100,https://www.ebay.fr/itm/354494161994?hash=item52897fa44a:g:0IQAAOSwzsxjtABy&amdata=enc%3AAQAHAAAAkEPnyWNsOsdih0GSrkGFEfTkNnuW%2FrYfn5QLoOTJzOr24vzRWpq8ZbKlSTdbY5cIz60E04eA4fGyMkT4zNrhaFLxdoEY1D%2Bo4fuxZ3BleV3NVUJ7EJ3fVen%2BGuhfzrVW2H5Zs3cAn67U%2FRuwetBoZqOWJrGSlOWKi8BaEwU55cemSB9%2BptJxYK3dYVuPqKI9dw%3D%3D%7Ctkp%3ABk9SR9zwvZOvYQ
Nouvelle annonceCanon PowerShot A540 6.0MP Digital Camera Silver 4x Zoom -Tested,656,https://www.ebay.fr/itm/195543852717?hash=item2d875266ad:g:MPAAAOSw66hjtIE1&amdata=enc%3AAQAHAAAAkLU8r57yPUxz3%2FYDfug2FwL3k9gzSIZAAOPvoJYQwHkeaOLgDaDOodbAOUwKJZuk%2BYkfY8zs7peGkqGLoNhROM2U2etGYY7uQ5n3pusFJ6trwkb8z0bEGhWM8Bf2PeYVtJmyMKbnAGxY3xu%2FqceV3jRVcB7MUq17jG7CklJjb1miHD0uNWFkfq1GmXnKJOys%2Bw%3D%3D%7Ctkp%3ABk9SR9zwvZOvYQ
Nouvelle annonceCanon EOS 60D 18MP Digital SLR Camera Body #017,17217,https://www.ebay.fr/itm/404089069164?hash=item5e1595de6c:g:DUQAAOSwRTpjtIRK&amdata=enc%3AAQAHAAAAkFB6EUcB3jFQHUi%2Bnp7%2F852iAOyq6IvvO9ir5uotjFnl4w5vJXLS%2BTbfBrR%2BT84aqPYPL%2Br9tzvXUadYuoltGwVUQaIiBphGSeXnqCRxGzxTJaIOt2KSDhOk%2BhwU1PVPLpy7mWAoHq%2Ftj8YnBX7IJdRyIuL6YG1Ci9Pvv3G%2FwltGt4%2F0kXFvFw4l2sTl8%2FC1Vw%3D%3D%7Ctkp%3ABk9SR9zwvZOvYQ
"Nouvelle annonceCanon EF 70-200 mm 1:2,8 L IS USM",49000,https://www.ebay.fr/itm/165866368358?hash=item269e67ed66:g:KPgAAOSwkJRjtFGc&amdata=enc%3AAQAHAAAAkOBTNRNoo4R8eCUBkDonVqRhN%2FuDj0KMgrCkpIcS6Duo%2FB%2BEUGT5FgjEinrc%2FO7odJdbwswU2Xah8voa4oyTowz6ktR1NO0Tqna0ooJbtysTY7qr4gPxpVlfUGKycKjTDyg8USDI%2FzkQtSFEW5tn3m2IF%2F0%2Bd6yEU7mqQ81%2F066HtnRPpsS8cHfxBEES%2FNB3jQ%3D%3D%7Ctkp%3ABk9SR97wvZOvYQ
"Nouvelle annonceAppareil photo numérique compact 20,0 mégapixels Canon IXUS 165 testé en rouge",2344,https://www.ebay.fr/itm/285097242785?hash=item42611eb0a1:g:RaAAAOSw445jtHWe&amdata=enc%3AAQAHAAAAkF1IKYTOQgBT95M3ttLdf0WyuyP5jEAlczXK%2BWXFd0AAf%2BhZ6FTy%2BhY7elpBzPO6N5T7X3NOedBWrZiZzqGIZzduI7M3CF%2BP%2Bp6gZMGuiBwQOlAvCx3afIkocgDXXq6XG8kwjYpW3q0Bp3kCvKVu8wL9E%2FfakyPE7Hlw0aZVUwPNwg8WcAXCHvmQJY9Tu5oHQg%3D%3D%7Ctkp%3ABk9SR97wvZOvYQ
Nouvelle annonceCanon PowerShot SD630 Digital Elph Silver 6MP Digital Camera W/ Charger & Case,4684,https://www.ebay.fr/itm/144885002878?hash=item21bbd1b27e:g:hJgAAOSwUtRjtH8Q&amdata=enc%3AAQAHAAAAkCXcRj3WTsWA1z%2BvIJQVIdSi15NKhNNiSpL%2BwYzPqJ5BlzNdYifkPDSTLvsKhaXm6OkM8pwtOk%2BP5YrIhFLmfF%2BdbSf%2FsJY9cU6mu0CsMgJvsofhsHtq6YtGxdnm1j76AF83cEZFwCsxs3%2FF%2FdAMIqSRDoNmu91RCPSLO2k6nmryWn3ZTI7mZH8XlqD%2F36hV%2Bw%3D%3D%7Ctkp%3ABk9SR97wvZOvYQ
"Appareil photo numérique 10,0 mégapixels Canon IXUS 95 IS / PowerShot SD1200 IS DIGITAL ELPH -...",5000,https://www.ebay.fr/itm/115655126857?hash=item1aed952f49:g:jDMAAOSwWGVjq2ZK&amdata=enc%3AAQAHAAAAkEcsobthrp%2Be1DKyhWM%2BEI3rIRr5Tca9OW7Zjhmn8bCZvJPO51Z9WjUb%2BhvQW1O20X5jZiRPXKkWNnnNXhICLfCRq6rwRensIb%2FXkcPiP4FPr%2ByFr9f2osAgHLNrd4RvU%2BOHVrVXaJnNXUDHJLjrIjC8cPCNryGwuvVsdcYbDnITf5AlZg3ukW97OtElr4ObTg%3D%3D%7Ctkp%3ABk9SR97wvZOvYQ
Nouvelle annonceCanon EOS R Mirrorless Digital Camera 30.3MP Full-Frame CMOS Sensor #381,1 16800,https://www.ebay.fr/itm/144885009712?hash=item21bbd1cd30:g:kuwAAOSwUTZjtIJT&amdata=enc%3AAQAHAAAAoD9hXW54TpQJsRuE7wqvdUg26TuzjxR6CywpWsxJtsrgA1hmVmkW%2Fpl8Plu73vLzweL%2FiNIS6OyWBepFFzEo84pYOuxV5FmSjRjXotgnElLX70IQz67wdmBbfeCCPqoTrT6ugxIiVn9OqeEyTc3suoNcb%2BOJXmyZeET5tJBYbXcP8wpdqlbm8Z1qiK3a5xZkx5teE9segIYRti1cwviTLyk%3D%7Ctkp%3ABk9SR97wvZOvYQ
"Nouvelle annonceObjectif Canon EF-S 55-250 mm f4,0-5,6 IS",9000,https://www.ebay.fr/itm/195543867368?hash=item2d87529fe8:g:dKYAAOSwx19jtHwc&amdata=enc%3AAQAHAAAAkDTvP0E8acW2N8EhD%2FzTGnsoSzbtMSvRm6DWMI%2BtmIeMuf%2BUz5ry%2BTEQEjlQbQdJ%2BoWYEFBy0npDmZfigeae3lClLqwecE5W0v7ZFrmrzAjgLW%2Bcvyjqt3CDSwhliPJHUxLN%2F3Og4KxXy2iWCUuERZszhMIeS3CIxmIJm11%2BlD0W9Na40%2BvrzQU0ssl5a2Ujog%3D%3D%7Ctkp%3ABk9SR97wvZOvYQ
Nouvelle annonceKit Canon EOS M5 avec objectif EF-M 15-45 mm IS STM avec emballage d'origine et lot d'accessoires,30000,https://www.ebay.fr/itm/144882258623?hash=item21bba7d2bf:g:3CYAAOSw9N9jsqHU&amdata=enc%3AAQAHAAAAkH3ghIU%2FHhcEiyeqg2HmtjgxTuLYln4XLmJ%2Bnoi7jcDKcdbULBvaWt7YXB3nHKEhUNnOjn14z5eh0ydbmBpCY0wj34xYs2kx3MrtA9FRXDoGVPcd14J58LugLMcbISpkU8l9C14%2FEg2v2%2F2HoUg8wFcf8GkVu1xvpTpOVKG4xy%2FKuTtquq3%2Fsmzol%2Bxb1HpvJQ%3D%3D%7Ctkp%3ABk9SR97wvZOvYQ
Nouvelle annonceCanon EF 70-300mm f4-5.6 IS USM Lens #400,16216,https://www.ebay.fr/itm/204204626111?hash=item2f8b8b50bf:g:in4AAOSwEz1jtF6n&amdata=enc%3AAQAHAAAAkAFwc69PB1u5IGIcp7tLd7z%2Fb3mpgN2aTBbrJ6nYKEhHrUroE7m25Cum%2BgEn5FgmoAXHmN9Joz87nMoHtwT09O56a6r5N4alk88KkMhmYesddZKloEkOtRw0%2FQn8EIVjwh%2B6iD5sz0qMmux3C2qGD3kvtCzC6fysMfjH21nMwbnM6nvRWTrA1Q6fwMtR6RG4nw%3D%3D%7Ctkp%3ABk9SR97wvZOvYQ
"Nouvelle annonceAppareil photo reflex numérique Canon EOS 1200D 18 MPX, excellent état, en paquet avec...",4663,https://www.ebay.fr/itm/255909421184?hash=item3b9563e080:g:QbQAAOSwO2ljtA6g&amdata=enc%3AAQAHAAAAkPF6PCtr3CWck3wsKhWnANk8S7BbF2sfXaubBvT7MgyuhsZjYkL6OfUjNVp%2FKp7Rsc5MToQXZflRLACmIzbtZi2KV5DmDGNNfEXBQ3pdXbmD1Q%2FQA8xcfvgHMMcVAZkPQlG9NT0ADLt2V51L5jfMUYTuvD6z6nGbeUyhV60uycQWpz2i0py8iZfq%2FbYlUihPaw%3D%3D%7Ctkp%3ABk9SR97wvZOvYQ
Nouvelle annonceCanon EF 70-200mm f4 L IS USM Lens #761,51634,https://www.ebay.fr/itm/204204582485?hash=item2f8b8aa655:g:~34AAOSwtWpjtFEA&amdata=enc%3AAQAHAAAAkLOkep%2B0f1fEhMxFoKRPIp3Zub3Lkxt9WcseJkaebxUavrl3XbypwgTMPgP%2FM1LSLcu5Si1oAZ%2Bc232IFvI9cOycx8hjTyRq81bmsH03UbzWeuYzJNgK5pBX9uI6AWAmBe4M%2B%2BvhIA%2F9Ot9HnV01JsrS2va77I%2FwKCpSXaTzInteUZPqQw4zjqxgQigyCe2fEA%3D%3D%7Ctkp%3ABk9SR97wvZOvYQ
"Nouvelle annonce2 Digital Cameras, Olympus SZ-31 & Canon PC1732 With Charger & Manual",6465,https://www.ebay.fr/itm/144884885315?hash=item21bbcfe743:g:gl8AAOSwQHljtGWM&amdata=enc%3AAQAHAAAAkIA6Sin2s16CLqA56DC9oq%2BWCkaKco3JZL8WuZKI5LVvMPIdFM0YVLlFw5DjqvABlrwtPl%2BofqfhfynmdqCDW7590cnScFTHGlUbYvXLQImgmPwe7CHr81ofh%2FoWlj4a%2FpmZxzqg7LzvjhdMBv28sdmenvv3uYFHYQes8qoB6hfR%2BH2M4ubae2spy%2BJ89IyJlw%3D%3D%7Ctkp%3ABk9SR97wvZOvYQ
"Nouvelle annoncePAS DE PRIX DE RÉSERVE - Appareil photo numérique 14,7 mégapixels Canon PowerShot G10 - Noir, carte SD 4 Go",112,https://www.ebay.fr/itm/165866503157?hash=item269e69fbf5:g:JUUAAOSw6YxjtGUw&amdata=enc%3AAQAHAAAAkLdSstrlDl70N0xTPISoDVnFZpRr82jICWIkdX5TNl%2F4L5KxWQYKPRi9u2bMi20BxQhcAjUWW6OQOhAShyBxgz4BLBW1JXcPDVN4z%2FSY%2F0hPrst8MZ7x%2BtpPYMgD7odPflf2Cjbf%2BQSTXEbJc4g6BoEOEtvtgWQdsQqpyioByw5vOiw2o8%2Bum395eJ4LlZwjVA%3D%3D%7Ctkp%3ABk9SR97wvZOvYQ
Nouvelle annonceAppareil photo numérique sans miroir Canon M6 Mark II + objectif 15-45 mm noir (pas de batterie),33813,https://www.ebay.fr/itm/314303036457?hash=item492debbc29:g:zJQAAOSw-4RjtFLE&amdata=enc%3AAQAHAAAAkC75kOY%2FPB11PdpOm11Ur2preSEC2yStrbFXfTgTMwFYLJ4gpD9mfQgVlGGA%2FJTDbrjMnLMMm3h7u%2FInZ4f6WZqjc%2Bt0Wu5crzVTOxGU8owXVIKm76tY%2FqG4FJkt5MEIHbr8M6CFuIqbxxpdfiX9jcy4UHk16WdW8H3CNpmoML0mDn3iHNeycqrA4PQbm%2FGxNA%3D%3D%7Ctkp%3ABk9SR97wvZOvYQ
Nouvelle annonceCanon EOS Rebel T3i 600D with 18-55mm IS Kit Lens,7121,https://www.ebay.fr/itm/155339839968?hash=item242af9d9e0:g:nIUAAOSwl6Njs4ps&amdata=enc%3AAQAHAAAAkBPfDae0V1iDnOKRzZm9Zui3G2quGkW9jxZ%2FkC8CfNRigxJySdYhy2XLtMa08xXFOselJ%2Fcc0hOtjbf9rHFrBLXduFYRmJtD6o69WB1NOWO%2BDFygyaTk96oLLdu2Ku%2FEuGz%2FgeSsWwYWuR66ZufX4X46SDKjqvn2vOsDUOIArPs%2FWEprfTIDxsu7Sgj0YvBX6g%3D%3D%7Ctkp%3ABk9SR97wvZOvYQ
"Nouvelle annonceCanon Lens FD 24mm 1:2.8, Filter, Deckel, or. Verpackung",100,https://www.ebay.fr/itm/275603805465?hash=item402b445519:g:iUUAAOSwEz1jtF2H&amdata=enc%3AAQAHAAAAkNQGvWrI6ug34doqqrKuc%2Bury8My2a922sHhLJX%2BGjwl8Tq3cwkm2KV9%2FGZKsBu0Q%2F8PnrKXPk2y3xcrxBOT%2FZYxIIFoRvz0Au66H%2Bh3VqBkEXXh5%2FTZtxih9MdL%2FYrL8WbYFWIDbZQEuvBb5V%2B0R7Ty1mIZOA10yrQ6DvjHxKGJrIHQdL1ihQW8Y%2BfMcAOYlg%3D%3D%7Ctkp%3ABk9SR97wvZOvYQ
Nouvelle annonce[MINT]Canon EOS M 18.0MP Digital Camera with 18-55mm IS STM Lens ,28016,https://www.ebay.fr/itm/125699189696?hash=item1d44416bc0:g:u9EAAOSw89FjtIPD&amdata=enc%3AAQAHAAAAkCMrAIJ4p1aToL4xA1I8Ib2%2FBKG5QNacIQhEaqcV9tBMqvgsykKRtLWHRcI3pFiwR6nfioHFBC5Kfbu4KY30FMjMHKRTUcK7U04pyCw23mb7FZFKZK1oG6trHMQwpp2alkQ5M7Ky%2F%2BLnQIx5A5NSpkWpbXJbfEgOG7M3GtoiQzpfomhAYrvwPYiWf8szPDUFMg%3D%3D%7Ctkp%3ABk9SR97wvZOvYQ
Nouvelle annonceAppareil photo Canon EOS 1300D avec objectif 18-55 mm - Voir description,3945,https://www.ebay.fr/itm/134396804726?hash=item1f4aac7e76:g:fiwAAOSwKYZjtFol&amdata=enc%3AAQAHAAAAkHpKUZQuFoL0MjIgVOL%2BP%2F8HjqZ7iy%2BZZMTEKG9KbJZbrEBDphocOrQ264W7nBidaMZD2sJEEdKw72N8RNBAxmAS4j4E4ry3SjO%2BzFoprNJ6xM7EPLB3ZC2P%2FiXAkvzeezcmp%2F3vszCwyXS9JDFh26oVUemN0pO5LPYS6akbAt3N7A36EB3tjQdBt233n40h%2Fw%3D%3D%7Ctkp%3ABk9SR97wvZOvYQ
Nouvelle annonceAppareil photo reflex numérique Canon EOS 5D Mark II - Noir I boîtier avec 2 piles et boîte,29868,https://www.ebay.fr/itm/394406075990?hash=item5bd46f1e56:g:ZeoAAOSwcfZjtHRe&amdata=enc%3AAQAHAAAAkP7mzIM4R58pYlWqcKktCCzHC010gnt7UO4XxT7Bj6YgJWy550QSIMPDQ7T3LSez%2BtSM7ge5oCwkOgzxrfj8M9bFCFlPJuuTG%2FNALgbDhxxYl4H8sDrEN6o015VriQVvnBpR9yYJJ%2B50dQ4%2F7Kjb%2BZ7aqSWiZX98ssD8yD%2Bl5EXhRgZX8NQ%2BS8DyoDWBg2pNYw%3D%3D%7Ctkp%3ABk9SR-DwvZOvYQ
Nouvelle annonceCanon Lens fd 50mm 1:1.4 mit or. Objektivdeckel,100,https://www.ebay.fr/itm/275603791784?hash=item402b441fa8:g:ahoAAOSwh-FjtFi-&amdata=enc%3AAQAHAAAAkHAlahaMZQF7VX%2BO80sSu6z5VSAKeJgKtkGfyZ6HMjqmMtrGNvGGPeqiOiR7Kj3YJs8SfjTmIfxrucVtNKu6DAldTe5G6WHEOLwpR5dzxqYW47S0sHPwhdrI4ssNobnTuB1%2B3GEe%2FejNAhtuUs8D7IwsMf9Z%2BcQW9ivM3Y3MJgYPyP5HIcroiPquI%2BgEuRCwmQ%3D%3D%7Ctkp%3ABk9SR-DwvZOvYQ
"Nouvelle annonceCanon FD 1:1.8 50mm mit Objektivdeckel, Filter, or. Verpackung",100,https://www.ebay.fr/itm/275603761305?hash=item402b43a899:g:36EAAOSwsEdjtFMw&amdata=enc%3AAQAHAAAAkO9TDZ2ucWXClQQXzH7LgTnwnN%2FJjmIRY8vNmGqB8NvGWnhjPAgQi45OGLNq88ncxZFLudrEMuXGjmhSJNgPhGJazD9T18yf%2FTgCLEwvezVvj9ivm5f4E%2FwgieAlXj3kYliEdYsqqRGn3PGICdajKFxDzoOi%2FtaJuS6VrEBxSsz9SThfZrOdGrA6EaE%2FZHIrww%3D%3D%7Ctkp%3ABk9SR-DwvZOvYQ
Recharge encre universelle pour imprimante Hp Canon Epson Brother,390  à 3191,https://www.ebay.fr/itm/324045015641?hash=item4b72968a59:g:os8AAOSwT~NeCaQn&amdata=enc%3AAQAHAAAA0AG5mZEiQ3m0pw7P0F7F39rS1TjYX%2F7OXpXPnQgxtie%2Bve1GGd6zZns7C7a2%2Bpc7b55qf19a1mAtM6DI7lxakzqz97HweQTXpH30R8Xh1Lb9Lw43ouhg3WJ3%2Fif%2FPdoAIgeaI0in7rGeBi6K0w8PKLmp9LWWJDPVr1oegKqzWrCEei198yURFyG2fe6g%2Fx44fZV80V3lXXZU6wg2JLUXvvnh2w05Pz2xfJRg3cMIp2WgKSG%2BthW4qgrArgjhxyAV7W2TAxo5TKBbY3vcNywcyZ4%3D%7Ctkp%3ABFBM4PC9k69h
[Canon] EF 40mm f/2.8 STM Pancake Lens (Bulk Package) - Black ⭐Tracking⭐,11665,https://www.ebay.fr/itm/353395167055?hash=item5247fe4f4f:g:6sQAAOSwz0JgMogE&amdata=enc%3AAQAHAAAA0PElcl9pU9BZ3Aws2Ttwt2UBsJ3bf%2BP2UtnZ4PgjEC4CUdStKMFrjNd15oTyZvgZVtpEOAnCAakLeZdOnmGL%2FWfUCc7LxZKMjay75Px3xmro6AeMATemA1wFqtI94xXiknzkg4gELm8QJMgBVkO4R3cL9OK9Mt%2BgVQSE4LqdaHmLfIUJoT778LvNl3qoea4YjwexRhYe2JedfIkCnpl7lvIs2727Mc%2BmAXcKsQJXMjXRmHF%2BeA4t8KaHUXthLRPd%2BER6d4RfktCggC%2FjDrBpQEs%3D%7Ctkp%3ABFBM4PC9k69h
Nouvelle annonceCanon EF 17-40mm f4 L USM Lens With Hood,21082,https://www.ebay.fr/itm/325486014625?hash=item4bc87a70a1:g:jlIAAOSwjrRjtHle&amdata=enc%3AAQAHAAAAkEHYal2TTXdgn7NJ2YvPLRJiSRO8Y0fR7jjZ%2Bbr2llAPVHzsydGu08sKDNVoD9MDKUE7M20PapDh6vRxb3yxh2otMs7ZI4fuom%2BUZS21dJicYEw5DZAnoZBjVq2Y0oPt%2Fj4De4Y2Gl%2FvsJtZ85hh%2Bmqongy0eBA52aXBASxSUBvA150Z3Gpmd5hW5Tlrq%2Bq0Uw%3D%3D%7Ctkp%3ABk9SR-DwvZOvYQ
"Nouvelle annonceCanon EOS Rebel T5 18.0MP Digital SLR Camera - BODY ONLY, PARTS/REPAIR",8432,https://www.ebay.fr/itm/354494209148?hash=item5289805c7c:g:fEUAAOSwogNjijVZ&amdata=enc%3AAQAHAAAAkOMYqBR%2B%2F7Ba%2FBU0DUF77LxYr49ehfekjwr%2FJQ9vONmSHcuXCUWilPhR3mVhxUoKXJpS6WBF4srr2ERxKBA0sEY%2FSww2zo8uU8lswPpEgjy0vXeAdyLp7hCqndMTmARL83Ms7aAKFxZfDbFZ2SCT3aUAIQLzkXwEF80m1bxdV75i1O3SwchW63NokS6oTf9Nxg%3D%3D%7Ctkp%3ABk9SR-DwvZOvYQ
Nouvelle annonceCanon EOS 5D Mark IV 30.4MP Digital SLR Camera - Black (Body Only),65589,https://www.ebay.fr/itm/374440198718?hash=item572e60023e:g:1O8AAOSwZlFjtHmr&amdata=enc%3AAQAHAAAAkGQ4L93tLHYiLNBCrGG8YEPunp%2BO%2FSH9I333ssJR2eTRW5%2FpsQ3c9NgBd1qqzsaM9Q2sf3bCGIuge3y5crnTCnAMDqinPJAWK6MnnpqEGIw1reUJUBBDW63MD4uHiVFyYJVmfDN9sawbAoymnY79BBd8BWBlZDGgGz8Sf6VXS39wQqlzIkeWoy4EUJPKRpDHow%3D%3D%7Ctkp%3ABk9SR-DwvZOvYQ
Nouvelle annonceCanon EOS 6D 20.2 MP Fotocamera Digitale SRL  - Nera (Solo Corpo),45000,https://www.ebay.fr/itm/234845709723?hash=item36ade5259b:g:sEwAAOSwLRVjhf-j&amdata=enc%3AAQAHAAAAkDART2WUJQwwSIrPkHNnYUeLzTDZQDZGS2p3NlYWqfjVGxqQydFFpz1TEhxkshRS2tijL6cId49jnR6MRp5UbOf3vsMRJZicjMFqjjcMsFmu71tnecSSUtIp9Yx2rH%2FVG11CI4vN3MxJmF2841bOP9S0Lwpu6jwfdQoRB9gsFDFNBUSu14qGJwHGTDAy5Hso2g%3D%3D%7Ctkp%3ABk9SR-DwvZOvYQ
"Nouvelle annonceExtenseur 1,4x Canon EF 200-400 mm f/4 L IS USM ",3 68000,https://www.ebay.fr/itm/175559835360?hash=item28e02e7ee0:g:QHgAAOSww6djtH-T&amdata=enc%3AAQAHAAAA0Fiope2%2BgJTWH5VD2ltGy5z%2FGNkOGLn6icdOUvHue8IBVlss3sVG0ZCPSYdRenQVPVe0rLhL0nF8CebdKvLv9d7VUU73pEzFXkPYNvOz3KSDk61NuaLsXUIkRjS%2FJ08ZW7y8cFAWeKyWv4wj%2BkFtFA4atU26sdSKQvSdhIHJbQRBH3HABLfYnI%2FpPMIjgbB9QhuBrvBK4DIkER%2FoxlPTnd9doSitB8pt%2FQH7YD41ZQV%2BbNc%2Bj7FxPkAy%2F5izEGcBC735NQHi4iJMoL2YjRlZHTI%3D%7Ctkp%3ABk9SR-DwvZOvYQ
Nouvelle annonceCanon Sure Shot 70 Zoom Date AF 35mm Point & Shoot Film Camera,5060,https://www.ebay.fr/itm/255909989634?hash=item3b956c8d02:g:GpMAAOSwMqpjtINQ&amdata=enc%3AAQAHAAAAkNBQlc9nsoKiOR7uiroHNrddQjyqXqtbOV2KMFS%2BKZFq21Rt%2FLlPtx7J2HJwzMgHSjsVuMQHtljDoGHfJtTEb%2BB6%2Bxfpwsil4rsk0TmCmzgj1uTNmho0frzXFFeS5Si%2B7CcW7Hp%2BJw15bOURW6oK37cZh%2Bn8hMcfp6xl8qVCMP463ew3%2FkAyNBy6QLrxQRjy1Q%3D%3D%7Ctkp%3ABk9SR-DwvZOvYQ
"Nouvelle annonceCanon AE-1 PROGRAM 35mm SLR Film Camera w/ 2.8 28mm, 75-200mm & 28-75mm lenses++",3842,https://www.ebay.fr/itm/295453354723?hash=item44ca646ae3:g:64wAAOSwWo1jtFDd&amdata=enc%3AAQAHAAAAkHwmQUp1sb4Z%2BZ3ePLvTmfqgCSBI12TF5FJEhcKu3QXtLq5QyPgvoPIEmPqvNZvV34eemENlmYbRpmFidHm5gJH%2Fq22NhDAlHr2sOB5lfnvcTH9fej%2FXLEJNalFITzIDwpB%2FxEOhSpNzgtwgNmJBkKguONxY0LugPqMgLB5g4Pd1aaeqDjIQ9lZJmxMPCTBPwQ%3D%3D%7Ctkp%3ABk9SR-DwvZOvYQ
"Nouvelle annonceCanon EF 70-200mm F/2.8 L IS USM Zoom Lens with Hood, Case",49192,https://www.ebay.fr/itm/325486002257?hash=item4bc87a4051:g:5LUAAOSwx1NjtHhL&amdata=enc%3AAQAHAAAAkGLck5U4mD36RHaBnBp7eURUPZE2db5hj3odYCC8FJDIbDhNwC0mvN7xviUBxUypZA4NwsztkU6o9a56vC88kkkeNWoenFfmO85xaOSv%2B9RzvcJ6t4Y1%2BzwctDvWN1MvEE3Wze7RKJ5HSeQFcu57V0uGThYme7PPogzCWE3Lw%2BAuvruU8uuDRHKO8aDMunZVCw%3D%3D%7Ctkp%3ABk9SR-DwvZOvYQ
"Nouvelle annonceCANON , Objectif Zoom Canon Lens FD 70-210mm 1:4 Macro ( N 462476)",2000,https://www.ebay.fr/itm/314303003094?hash=item492deb39d6:g:uOIAAOSwed1jtHuz&amdata=enc%3AAQAHAAAAkJNA%2BYKNhykdekJDEaMVbbgZvgP5Df3ebYVjQpi5L7ZIO%2ByhZF9bTShVYOTvewJXcG%2Bf669nwYLqJAymhUcOcgY1kMKncohrG1GZwj8C%2FjiqJ8jtJh8JbSfpR18g%2BJsPYi6jcqYHKqisD%2BcI%2BrDnZedWC6nqd5jpWuEfDDNFLK28X3FOf4pPKOnwxJYKGIjfKA%3D%3D%7Ctkp%3ABk9SR-DwvZOvYQ
Nouvelle annonceAppareil photo reflex numérique Canon 3011C006AA EOS 4000D avec objectif 18 - 55 mm et objectif 10-18 mm - Noir,22542,https://www.ebay.fr/itm/185723599364?hash=item2b3dfd3a04:g:XB0AAOSw4YpjtGol&amdata=enc%3AAQAHAAAAkM7bPsN6A6zWHFLqLs5bmekV%2BTV2J07%2B9igiuN0%2FYmkV8uXfPwqKEaRfprmC0C%2B2dGGpmS6eUw3Cx9rFJNp7fl6n%2BzcVOf741MgvuDT2tWRFlJd14%2BmSIMZy6sazydLnyJbb%2BtJArPjIW%2B7Ia%2FOVmqUB0ZlDiPe%2B%2FGY6kkWV9xBESZgoCUEp0ayFpMRMK7IbEg%3D%3D%7Ctkp%3ABk9SR-DwvZOvYQ
"Nouvelle annonceCanon AE-1 Program Camera & 75-200mm lens, for PARTS, Stuck Mirror, good meter!",094,https://www.ebay.fr/itm/295453513444?hash=item44ca66d6e4:g:PbUAAOSwFEJjtHHJ&amdata=enc%3AAQAHAAAAkGU3Nrn0pDTmXHl5fush19f054fotVbuuOagGSyo9yIRpjWPdWiYVpvxtGRNIsvGPyKzZvpDC9%2FT%2Bq%2FsLYGvt%2Bs%2FgQ1jg7j0vG4d2BvHVedxWLpiOnFlE6DQiOD%2BZd1sBQAHPYoiZH0ppln12%2BNSfHSIjUTTvYf36yJrsK3cixFlq3CGjy%2BMK3HhU9sZvJ9cPA%3D%3D%7Ctkp%3ABk9SR-DwvZOvYQ
Nouvelle annonceCanon EOS Rebel SL3 24.1MP Digital SLR Camera - Black (with 18-55mm lens),27661,https://www.ebay.fr/itm/354494203093?hash=item52898044d5:g:5CUAAOSwyHNjtH1v&amdata=enc%3AAQAHAAAAkOzawnhbI9QY3qNaH1sYSVFaF4iIwzpqA0yIjx5b%2Bq9l%2BN%2BpN935Nmt9v21hCjkrAHffjZ9KaXpi5EdVAZd%2B1ad%2BT6QO%2B%2B2%2BeSz4qvHXgGuOI8hlYtyEhtcgrH1kVLe1pCq6hpnHxrs%2BCJr4Et4tmMe0DiELeSgn70n4SGX2UAOLWJotyM8rw0zegvSSh2MUcg%3D%3D%7Ctkp%3ABk9SR-DwvZOvYQ
"Nouvelle annonceauxiliary  lot accesory for Canon, Nikon, Sony, Pentax",8432,https://www.ebay.fr/itm/304759340045?hash=item46f5127c0d:g:yEMAAOSwo0RjtIbr&amdata=enc%3AAQAHAAAAkPuT2IRIohP%2Fe%2BkdTu9n0qUgT7%2F1p1KR2wpD19h9BO6QTVDQ0FHdreG%2B670zh1Bw5vHdY3Jlx7DNO8sW%2BTrOa5yegyHwzZs9WgMxTKx273rvLScBDQ2UHlzuHmDfkaiJUIv6zPHX2LQ6mtO%2FYKoz3Tb4jWXoSllpKN0GYIWFrqH%2Bf73D%2FZisX2phvAO3bomqwg%3D%3D%7Ctkp%3ABk9SR-LwvZOvYQ
Nouvelle annonceCanon EOS 1D Mark III 10.1MP Digital SLR Camera (Body) - Low Shutter Count ,25205,https://www.ebay.fr/itm/314302938266?hash=item492dea3c9a:g:52cAAOSwPYNjtG3P&amdata=enc%3AAQAHAAAAkMwbMue3Juuh4PBFUzP8pdT5m%2BheeUHPqojTRt2Tc1OMxbPmDWmruL8LqawagnRqncUx%2B0kw25pVtGiwfza7m%2FXYtA%2BFSJcdJUKONbQOXbBKRjW9uflaLY92w5gPiWhMiFeRCu7j93BiGMHRfYWfgKgJpfV95syT3zxF25261xroEjGrH00DwxdVVMIepzGiAA%3D%3D%7Ctkp%3ABk9SR-LwvZOvYQ
Nouvelle annonceCanon EOS 5D MK1 Classic 12 mégapixels bon état 3 piles/carte flash/chargeur,15778,https://www.ebay.fr/itm/115661826562?hash=item1aedfb6a02:g:gwcAAOSw0wdjsrFy&amdata=enc%3AAQAHAAAAoKYDg3N3CLDnF4AbeVFB8OWtEXQDy3bBauyYmtFey4xhcvYqEaFZQCDS1uiK0pTAdJZXhIoRVnU1Njuyj6FwTn415MeXTei%2B%2F8IdhpzVRRcDLMiRrtsd0tDhdj594fq4stZhVxQ9GrlYOWTfQLOFUn7qMyPh0rHXT8ryVDAhNRtIe09r4YanyWKuMKtaMVPxJoGtezUPm7jZI50%2FZpOp3g0%3D%7Ctkp%3ABk9SR-LwvZOvYQ
Nouvelle annonceCanon Rebel XT DSLR Camera Kit W 18-55MM IS Lens Silver *Good/tested* W 4GB CF,10212,https://www.ebay.fr/itm/325486069021?hash=item4bc87b451d:g:0T0AAOSweTtjtIIY&amdata=enc%3AAQAHAAAA0P8i3eevLrZsvc0%2FBpsAgAkb4cd68u9oIQayzh42wDE4A3PjRUJ4J2a7xP%2FukLN25ZfjKKWGJ%2FhwHaRFGWRXNE8SqSXVmzsRezzjUqXGnAfWA3nRpPc949H%2BYXSbVkulQqXIGKM1PWOqzLE2RymCVQColTqjXvuSmrFj73K%2F%2BhjwpWzDnGKdr5q67YBOsAUhHmckMrCPfidKl%2BCwYYrG60lVIK5uJ0UnZ%2FFIzhdXjDpRU6WXP2xluXvBFTR3gAGZXK2VIQNmGWruHixXAFZ3CDc%3D%7Ctkp%3ABk9SR-LwvZOvYQ
Nouvelle annonceAppareil photo numérique Canon PowerShot G12 - Noir,2000,https://www.ebay.fr/itm/185723668350?hash=item2b3dfe477e:g:nPkAAOSwRr5jtHqE&amdata=enc%3AAQAHAAAAkCF%2BQiig6luXuk0RhwnX9yoVLyQMV4sm531%2FgS9SSjDrNL8bwx2x7dazY6weV48QFG2wTJJZjtuk7wOeRWuzfueyd3F4y33cm6%2BIdK6iBKncBpuNlddQFWAZ6cN4S4wLzwUYKpLg3qVF2L8qW8lqd1DSX7mQWUu71ZVMiCtliPo0HR7G6%2BvCXTi28rSu9i0UEA%3D%3D%7Ctkp%3ABk9SR-LwvZOvYQ
"Nouvelle annonceCanon Zoom EF 28-105 mm f/3,5-4,5 II USM",8000,https://www.ebay.fr/itm/165866338940?hash=item269e677a7c:g:RA0AAOSwQHljtD3A&amdata=enc%3AAQAHAAAAkD241yVzjvdGS2jI6LitKbW7K0vCLvlbnnn7jazVUfb2yNQakDfwnURmWFO%2F%2Bryag7y31OzdHa9LXe9oyC116y60x89lw6IkI1L%2F1aj1pcRa4BiK9jkMLeehIm9EcOeH4Demdm%2BrwNUaZkKyaPNHAS9ty3Of0IZ3JoWVaHxrIhlJDy0aq0NUOSEB32jfl%2BIynQ%3D%3D%7Ctkp%3ABk9SR-LwvZOvYQ
Nouvelle annonceCanon Eos 3 - Bc Error,17500,https://www.ebay.fr/itm/304759340180?hash=item46f5127c94:g:yiYAAOSw~I5jtIa1&amdata=enc%3AAQAHAAAAkJBu8IJuohUZFcJr1CFUgtYnKdE7sCnY3Mtf4fPryaOKi7tZv7N6J%2BECtjT29heZeRGC%2Fa0J0BSxd8iwacVvzebaXVgYFNtno1feZ84Gd24vk6Xpu1ZeyWyR6zbguQ9ZnB20sHpJK%2BRUJABOmp4HssAIXNrUWoX4XcM6LbFFsUTqtth%2BVD0ZvJrMpdUEbj49vQ%3D%3D%7Ctkp%3ABk9SR-LwvZOvYQ
Nouvelle annonceCanon EOS Rebel T5 DSLR Camera Body Only With Battery,11805,https://www.ebay.fr/itm/234845940705?hash=item36ade8abe1:g:zYMAAOSwd-FjtIPV&amdata=enc%3AAQAHAAAAoP0YmRHEBaycWPnxPxMVBqhTV%2Fn5KMLmBdxjFBoBY7GWbxFFd5Lkho2kMmcJ9jB1Of1Wj5iyDMmAgOj%2BmkXd%2Bsgn%2Biu9Esfy07Co%2BcGq3Gf5vNny6PipgAPeE9XICYhp39ZdDxRDctxPyIr0TC5Mih81OMB1St7wjH4R%2FXx9lw6pJt5euij5iGKjgtEwaJkGnQq8YnhJwjX5aNi0TtRGmf0%3D%7Ctkp%3ABk9SR-LwvZOvYQ
Nouvelle annonceObjectif télémètre à montage vis Canon 35 mm f2 LTM L39 Leica avec adaptateur M,24796,https://www.ebay.fr/itm/325486056632?hash=item4bc87b14b8:g:wp0AAOSwE29jtEK4&amdata=enc%3AAQAHAAAAkB3iVNrIdBmPYB7QyqvvAF8qRM58wIj1lAvRk4%2BcPXJVhz6fPy%2FZ6nyLGkon1y%2F%2BQxCaWoVjdYie8NImNC8bCXcrwvBOuiz%2BSvZI7v4wag3Sp1EB4Urs1C39cb2FKHrpHft2MSHpetq68WQ0BSKegFQ6t0oci4cYH%2FhvI3LFjqmDJ6T1TlwhonzIHE2iKv6Z9g%3D%3D%7Ctkp%3ABk9SR-LwvZOvYQ
Nouvelle annonceCanon EF 100-400mm f4.5-5.6 L IS II USM Lens,1 17123,https://www.ebay.fr/itm/314303028792?hash=item492deb9e38:g:ft0AAOSw~4BjtHoJ&amdata=enc%3AAQAHAAAAkNhzxDAWcSgZ6K3E35rKCy5q8yOU4abWIj8L2KdhcR3PiL5WKiiSj3MCntnZdEjnIiL%2FqMUprONRgjE9fQ3apjU274ZaeEZOIChfacp5Ektf1jExNqWihH%2F224OQtjpvv8pfxpcw1876jyPmaCEpTLIvZcP%2FuwhoWMovto%2BUHPooLik8eW4cM9lYXB2oeilENQ%3D%3D%7Ctkp%3ABk9SR-LwvZOvYQ
⭐ ANAMORPHIQUE BOKEH FLARE ⭐ HELIOS 44 2/58 mm Cinéma mod monture Canon EF ,16905,https://www.ebay.fr/itm/115141171645?hash=item1acef2d9bd:g:mHIAAOSwfzZgUH7C&amdata=enc%3AAQAHAAAA0IMnqvdVcF%2FIW55S0bDB2%2B70BYGzsmGbkG2wkSHx7qtDCMwMx%2FbDTqox%2BCkEYZ85veujMWoxgIe3D8qeyfgsqZI4KKERrPyt40ikYq7RTwdClisno7dudLEvBwnQ2B%2FntdAQ%2Bwn4OQq6GdSgUT3p1W8WpvXlcuVtCA0DVLovIQ%2FTypYPKEf6iZPqv5SVCKm3q%2BGBuEba38y8LgRWSXBQOXv8n%2B8DzxS6loqKCtOanwyYn061U%2FS6vZAGH2zeZ3d7kdWfZxa%2B9fm2%2BZpu%2FJQXhm0%3D%7Ctkp%3ABFBM4vC9k69h
Nouvelle annonceCanon PowerShot A3400 IS 16.0 MP 5x Optical Zoom Digital Camera~~Silver~ ,6090,https://www.ebay.fr/itm/225330502047?hash=item3476be999f:g:Fo8AAOSwPjVjtIUO&amdata=enc%3AAQAHAAAA0P35%2Fafo5PTlyRxr%2BbbFWwmv%2FtUIOUp0S%2F1Uji30lRmHMXxH8YKS3b0fgWwNpVva8xCkoBcd%2Fs0Jm97DfkmX8709O9dHyXxaf5L0E2p%2FDc6O2SS%2F8vZ%2FhKmkIh2zlncIOyKK7gDSuFHyjnSwHgvMMFNd079B%2B68O%2F%2FLzvEevt04WBDbiGsLMtfRrnxvmNi%2FUZx%2FomiH07OicTigWqQOEHwck4sg3XUjPTQ%2B576G0HyJOI6opOCkd4P0jaYLU0ym9dofHTBl01mAiu24hEh66hx0%3D%7Ctkp%3ABFBM4vC9k69h
